------- INSERT artists ----

INSERT INTO artists (name,born,died,country,style) 
VALUES('Giuseppe Abbati',1836,1868,'Italy','Macchiaioli');
INSERT INTO artists (name,born,died,country,style) 
VALUES('Louise Abbéma',1853,1927,'France',' Belle Époque');
INSERT INTO artists (name,born,died,country,style) 
VALUES('Edwin Austin Abbey',1852,1911,'America','muralist');
INSERT INTO artists (name,born,died,country,style) 
VALUES('Mary Abbott',1921,2019,'America','abstract expressionists');
INSERT INTO artists (name,born,died,country,style) 
VALUES('Basuki Abdullah',1915,1993,'Indonesia','realist');
INSERT INTO artists (name,born,died,country,style) 
VALUES('Rowena Meeks Abdy',1887,1945,'America','modernist landscape');
INSERT INTO artists (name,born,died,country,style) 
VALUES('Josef Abel',1768,1818,'Austria','historical painter');
INSERT INTO artists (name,born,died,country,style) 
VALUES('Evelyn Abelson',1886,1967,'England','landscape painter');
INSERT INTO artists (name,born,died,country,style) 
VALUES('Gertrude Abercrombie',1909,1977,'America','still-life painter');
INSERT INTO artists (name,born,country,style) 
VALUES('Ismail Acar',1971,'Turkey','Postmodernism');
INSERT INTO artists (name,born,died,country,style) 
VALUES('Bernard Accama',1697,1756,'Netherlands','portrait painter');
INSERT INTO artists (name,born,died,country,style) 
VALUES('Andreas Achenbach',1815,1910,'Germany','landscape painter');
INSERT INTO artists (name,born,died,country,style) 
VALUES('Jacques-Laurent Agasse',1767,1848,'Switzerland','animal and landscape painter');
INSERT INTO artists (name,born,died,country,style) 
VALUES('Knud Agger',1895,1973,'Denmark','experimentalist');
INSERT INTO artists (name,born,died,country,style) 
VALUES('Christoph Ludwig Agricola',1667,1719,'Germany','landscape painter');
INSERT INTO artists (name,born,died,country,style) 
VALUES('An Gyeon',1392,1440,'South Korea','Joseon period');
INSERT INTO artists (name,born,country,style) 
VALUES('Ai Xuan',1947,'China','Contemporary');
INSERT INTO artists (name,born,died,country,style) 
VALUES('Ai-Mitsu',1907,1946,'Japan','surrealist');
INSERT INTO artists (name,born,died,country,style) 
VALUES('Edgar Ainsworth',1905,1975,'England',' illustrator');
INSERT INTO artists (name,born,died,country,style) 
VALUES('Ivan Aivazovsky',1817,1900,'Russia','Romantic');
INSERT INTO artists (name,born,died,country,style) 
VALUES('Tadeusz Ajdukiewicz',1852,1916,'Poland','portrait painter');
INSERT INTO artists (name,born,died,country,style) 
VALUES('Francesco Albani',1578,1660,'Italy','Baroqu`a');
INSERT INTO artists (name,born,died,country,style) 
VALUES('Wäinö Aaltonen',1894,1966,'Finland','sculptor');
INSERT INTO artists (name,born,died,country,style) 
VALUES('Johannes Josephus Aarts',1871,1934,'Netherlands','sculptor');
INSERT INTO artists (name,born,died,country,style) 
VALUES('Magdalena Abakanowicz',1930,2017,'Poland','sculptor');
INSERT INTO artists (name,born,died,country,style) 
VALUES('Abed Abdi',1942,2015,'Palestine','sculptor');
INSERT INTO artists (name,born,died,country,style) 
VALUES('Per Abramsen',1941,2017,'Netherlands','sculptor');
INSERT INTO artists (name,born,died,country,style) 
VALUES('Julio Abril',1911,1979,'Colombia','sculptor');
INSERT INTO artists (name,born,died,country,style) 
VALUES('József Ács',1931,2013,'Hungary','sculptor');
INSERT INTO artists (name,born,died,country,style) 
VALUES('Lambert-Sigisbert Adam',1700,1759,'France','sculptor');
INSERT INTO artists (name,born,country,style) 
VALUES('Yaacov Agam',1928,'Palestine','sculptor');
INSERT INTO artists (name,born,country,style) 
VALUES('Amber Aguirre',1958,'America','sculptor');
INSERT INTO artists (name,born,country,style) 
VALUES('Kinji Akagawa',1940,'Japan','sculptor');
INSERT INTO artists (name,born,died,country,style) 
VALUES('Benjamin Paul Akers',1825,1861,'America','sculptor');
INSERT INTO artists (name,born,died,country,style) 
VALUES('Aleijadinho(Antonio Francisco Lisboa)',1730,1814,'Brazil','sculptor');
INSERT INTO artists (name,born,country,style) 
VALUES('Diana Al-Hadid',1981,'Syria','sculptor');
INSERT INTO artists (name,born,died,country,style) 
VALUES('Alessandro Algardi',1595,1654,'Italy','sculptor');

------- INSERT curators----

INSERT INTO curators VALUES('9352544582','Paula Jenkins','23 Arley View Close','1993-11-07','Stanfort University','2005-02-02','Master of Arts',2);
INSERT INTO curators VALUES('7328739042','Adrian Mohamed','7 Peterborough Close','1973-03-11','Yale University','2004-06-02','Doctor of Philosophy',3);
INSERT INTO curators VALUES('5729415214','Anastasia Jackson','25 Halden Field','1957-03-10','Harvard University','2010-12-17','Master of Arts',1);
INSERT INTO curators VALUES('4310913539','Lois Armstrong','7 Mount Royd','1943-11-09','Stanfort University','2008-01-09','Doctor of Philosophy',4);
INSERT INTO curators VALUES('9084974553','Layla Cook','1 Brewsters Walk','1990-11-16','Yale University','2010-12-04','Master of Arts',6);
INSERT INTO curators VALUES('7289306976','Kristina Arnold','16 Gresham Avenue','1972-11-16','Stanfort University','2009-08-27','Doctor of Philosophy',3);
INSERT INTO curators VALUES('6415296347','Philippa Sanders','2 Twyzel Road','1964-01-04','Stanfort University','2007-03-21','Doctor of Philosophy',4);
INSERT INTO curators VALUES('6056914367','Carmen White','14 Wilga Road','1960-03-12','Yale University','2006-01-09','Doctor of Philosophy',6);
INSERT INTO curators VALUES('4388597823','Troy Ferguson','314 Old Walsall Road','1943-03-29','Yale University','2003-06-22','Master of Arts',1);
INSERT INTO curators VALUES('6829114259','George Rivera','866 East Rochester Way','1968-04-27','Yale University','2006-11-13','Doctor of Philosophy',2);

------- INSERT galleries ----

INSERT INTO galleries VALUES('Ancient Greece','Phaistos Disc','9352544582',5);
INSERT INTO galleries VALUES('Ancient Egypt','Seneb and his family','7328739042',3);
INSERT INTO galleries VALUES('Rome','Ateni Theotokos Church inscription','5729415214',4);
INSERT INTO galleries VALUES('Asian','Flowers and Butterflies','4310913539',2);
INSERT INTO galleries VALUES('Gothic','Westminster','9084974553',5);
INSERT INTO galleries VALUES('Renaissanse','Wild Geese','7289306976',4);
INSERT INTO galleries VALUES('Expressionism','Yellow I','6415296347',3);
INSERT INTO galleries VALUES('Classicism','View from the Wine Cellar of Diego Martelli','6056914367',3);
INSERT INTO galleries VALUES('Futurism','No title','4388597823',2);
INSERT INTO galleries VALUES('Abstract Expressionism','Study Of A Stone','6829114259',1);

----- INSERT paintings ----
SET IDENTITY_INSERT paintings ON
INSERT INTO paintings (catalog_number,name,year, artist,technique,style,movement,[height(mm)], [width(mm)], gallery,[estimate(EURO)]) 
VALUES(10000,'View from the Wine Cellar of Diego Martelli',1866,'Giuseppe Abbati','Oil on canvas','Landscape','Macchiaioli',3300,3600,'Classicism',11000);
INSERT INTO paintings (catalog_number,name,year, artist,technique,style,movement,[height(mm)], [width(mm)], gallery,[estimate(EURO)]) 
VALUES(10001,'The Tower of the Palazzo del Podestà',1865,'Giuseppe Abbati','Oil on wood','Landscape','Macchiaioli',3200,3900,'Classicism',54200);
INSERT INTO paintings (catalog_number,name,year, artist,technique,style,movement,[height(mm)], [width(mm)], gallery,[estimate(EURO)]) 
VALUES(10002,'Matin davril',1894,'Louise Abbéma','Oil on canvas','Landscape','Belle Époque',3300,3600,'Classicism',19200);
INSERT INTO paintings (catalog_number,name,year, artist,technique,style,movement,[height(mm)], [width(mm)], gallery,[estimate(EURO)]) 
VALUES(10003,'A Game of Croquet',1872,'Louise Abbéma','Oil on wood','Landscape','Belle Époque',3300,3600,'Classicism',15200);
INSERT INTO paintings (catalog_number,name,year, artist,technique,style,movement,[height(mm)], [width(mm)], gallery,[estimate(EURO)]) 
VALUES(10004,'Potpourri',1899,'Edwin Austin Abbey','Oil on canvas','Landscape','muralist',3300,3600,'Classicism',6500);
INSERT INTO paintings (catalog_number,name,year, artist,technique,style,movement,[height(mm)], [width(mm)], gallery,[estimate(EURO)]) 
VALUES(10005,'The Play Scene in Hamlet',1897,'Edwin Austin Abbey','Oil on canvas','Landscape','muralist',4900,6600,'Expressionism',24600);
INSERT INTO paintings (catalog_number,name,year, artist,technique,style,movement,[height(mm)], [width(mm)], gallery,[estimate(EURO)]) 
VALUES(10006,'Yellow I',1956,'Mary Abbott','Oil on canvas','Landscape','abstract expressionist',4700,5300,'Expressionism',3200);
INSERT INTO paintings (catalog_number,name,year, artist,technique,style,movement,[height(mm)], [width(mm)], gallery,[estimate(EURO)]) 
VALUES(10007,'Jungle',1955,'Mary Abbott','Oil on canvas','Landscape','abstract expressionist',600,830,'Expressionism',14510);
INSERT INTO paintings (catalog_number,name,year, artist,technique,style,movement,[height(mm)], [width(mm)], gallery,[estimate(EURO)]) 
VALUES(10008,'Siblings',1971,'Basuki Abdullah','Oil on canvas','Landscape','realist',4900,6600,'Expressionism',2600);
INSERT INTO paintings (catalog_number,name,year, artist,technique,style,movement,[height(mm)], [width(mm)], gallery,[estimate(EURO)]) 
VALUES(10009,'Javanese Girl',1972,'Basuki Abdullah','Oil on wood','Landscape','realist',4900,6600,'Renaissanse',11000);
INSERT INTO paintings (catalog_number,name,year, artist,technique,style,movement,[height(mm)], [width(mm)], gallery,[estimate(EURO)]) 
VALUES(10010,'Wild Geese',1925,'Rowena Meeks Abdy','Oil on canvas','Landscape','Modernist',4900,6600,'Renaissanse',11000);
INSERT INTO paintings (catalog_number,name,year, artist,technique,style,movement,[height(mm)], [width(mm)], gallery,[estimate(EURO)]) 
VALUES(10011,'View of an Italian Hill Town',1923,'Rowena Meeks Abdy','Oil on wood','Landscape','Modernist',4700,5300,'Abstract Expressionism',54200);
INSERT INTO paintings (catalog_number,name,year, artist,technique,style,movement,[height(mm)], [width(mm)], gallery,[estimate(EURO)]) 
VALUES(10012,'The portrait of Franz Schubert',1790,'Josef Abel','Oil on canvas','Portrait','realist',5300,4700,'Gothic',11000);
INSERT INTO paintings (catalog_number,name,year, artist,technique,style,movement,[height(mm)], [width(mm)], gallery,[estimate(EURO)]) 
VALUES(10013,'Self-portrait',1800,'Josef Abel','Oil on canvas','Portrait','realist',5700,4300,'Abstract Expressionism',11000);
INSERT INTO paintings (catalog_number,name,year, artist,technique,style,movement,[height(mm)], [width(mm)], gallery,[estimate(EURO)]) 
VALUES(10014,'Westminster',1890,'Evelyn Abelson','Oil on canvas','Landscape','realist',4700,5300,'Gothic',54200);
INSERT INTO paintings (catalog_number,name,year, artist,technique,style,movement,[height(mm)], [width(mm)], gallery,[estimate(EURO)]) 
VALUES(10015,'A street scene with trees in summer',1888,'Evelyn Abelson','Oils on board','Landscape','realist',2300,3400,'Abstract Expressionism',54200);
INSERT INTO paintings (catalog_number,name,year, artist,technique,style,movement,[height(mm)], [width(mm)], gallery,[estimate(EURO)]) 
VALUES(10016,'Still Life - Leafe, Shell, and Jacks',1957,'Gertrude Abercrombie','Oils on board','Landscape','Postmodernism',500,400,'Gothic',54200);
INSERT INTO paintings (catalog_number,name,year, artist,technique,style,movement,[height(mm)], [width(mm)], gallery,[estimate(EURO)]) 
VALUES(10017,'The Red Rook',1948,'Gertrude Abercrombie','Oil on masonite','Landscape','Postmodernism',1600,2200,'Abstract Expressionism',54200);
INSERT INTO paintings (catalog_number,name,year, artist,technique,style,movement,[height(mm)], [width(mm)], gallery,[estimate(EURO)]) 
VALUES(10018,'Tulip',1999,'Ismail Acar','Oil on canvas','Landscape','Postmodernism',1600,2200,'Abstract Expressionism',14510);
INSERT INTO paintings (catalog_number,name,year, artist,technique,style,movement,[height(mm)], [width(mm)], gallery,[estimate(EURO)]) 
VALUES(10019,'The Last Emperor',2012,'Ismail Acar','Oil on wood','Landscape','Postmodernism',1600,2200,'Abstract Expressionism',14510);
INSERT INTO paintings (catalog_number,name,year, artist,technique,style,movement,[height(mm)], [width(mm)], gallery,[estimate(EURO)]) 
VALUES(10020,'Anna van Hannover, princess of Orange-Nassau',1736,'Bernard Accama','Oil on wood','Portrait','Postmodernism',3800,1900,'Gothic',14510);
INSERT INTO paintings (catalog_number,name,year, artist,technique,style,movement,[height(mm)], [width(mm)], gallery,[estimate(EURO)]) 
VALUES(10021,'Campegius Vitringa',1723,'Bernard Accama','Oils on board','Portrait','Postmodernism',4500,2600,'Gothic',2600);
INSERT INTO paintings (catalog_number,name,year, artist,technique,style,movement,[height(mm)], [width(mm)], gallery,[estimate(EURO)]) 
VALUES(10022,'Clearing Up—Coast of Sicily',1847,'Andreas Achenbach','Oil on canvas','Landscape','Postmodernism',3900,5600,'Gothic',14510);
INSERT INTO paintings (catalog_number,name,year, artist,technique,style,movement,[height(mm)], [width(mm)], gallery,[estimate(EURO)]) 
VALUES(10023,'Torm on the sea at the Norwegian coast',1837,'Andreas Achenbach','Oil on canvas','Landscape','Postmodernism',3900,5600,'Futurism',2600);
INSERT INTO paintings (catalog_number,name,year, artist,technique,style,movement,[height(mm)], [width(mm)], gallery,[estimate(EURO)]) 
VALUES(10024,'Flower Seller',1822,'Jacques-Laurent Agasse','Oil on canvas','Landscape','experimentalist',3900,5600,'Asian',14510);
INSERT INTO paintings (catalog_number,name,year, artist,technique,style,movement,[height(mm)], [width(mm)], gallery,[estimate(EURO)]) 
VALUES(10025,'The Last Stage on the Portsmouth Road',1815,'Jacques-Laurent Agasse','Oil on canvas','Landscape','experimentalist',3900,5600,'Gothic',2600);
INSERT INTO paintings (catalog_number,name,year, artist,technique,style,movement,[height(mm)], [width(mm)], gallery,[estimate(EURO)]) 
VALUES(10026,'Study Of A Stone',1952,'Knud Agger','Oils on board','Landscape','experimentalist',6500,8900,'Abstract Expressionism',2600);
INSERT INTO paintings (catalog_number,name,year, artist,technique,style,movement,[height(mm)], [width(mm)], gallery,[estimate(EURO)]) 
VALUES(10027,'Surf at Hvide Sande',1934,'Knud Agger','Oils on board','Landscape','experimentalist',6500,8900,'Abstract Expressionism',14510);
INSERT INTO paintings (catalog_number,name,year, artist,technique,style,movement,[height(mm)], [width(mm)], gallery,[estimate(EURO)]) 
VALUES(10028,'Bandits Shooting at Travellers',1692,'Christoph Ludwig Agricola','Oil on canvas','Landscape','experimentalist',6500,8900,'Asian',13200);
INSERT INTO paintings (catalog_number,name,year, artist,technique,style,movement,[height(mm)], [width(mm)], gallery,[estimate(EURO)]) 
VALUES(10029,'River landscape',1695,'Christoph Ludwig Agricola','Oil on canvas','Landscape','experimentalist',6500,8900,'Asian',13200);
INSERT INTO paintings (catalog_number,name,year, artist,technique,style,movement,[height(mm)], [width(mm)], gallery,[estimate(EURO)]) 
VALUES(10030,'사시팔경도 - Eight views of the Four Seasons',1410,'An Gyeon','Pencil','Landscape','Joseon period',6500,8900,'Asian',15300);
INSERT INTO paintings (catalog_number,name,year, artist,technique,style,movement,[height(mm)], [width(mm)], gallery,[estimate(EURO)]) 
VALUES(10031,'Mongyu dowondo (Dream Journey to the Peach Blossom Land)',1401,'An Gyeon','Pencil','Landscape','Joseon period',6500,8900,'Asian',15300);
INSERT INTO paintings (catalog_number,name,year, artist,technique,style,movement,[height(mm)], [width(mm)], gallery,[estimate(EURO)]) 
VALUES(10032,'Tibetan girls eyes',1966,'Ai Xuan','Oil on canvas','Landscape','Contemporary',6500,8900,'Asian',13200);
INSERT INTO paintings (catalog_number,name,year, artist,technique,style,movement,[height(mm)], [width(mm)], gallery,[estimate(EURO)]) 
VALUES(10033,'Soul is like wind; Life is like Snow',1950,'Ai Xuan','Oil on canvas','Landscape','Contemporary',7600,8300,'Asian',15300);
INSERT INTO paintings (catalog_number,name,year, artist,technique,style,movement,[height(mm)], [width(mm)], gallery,[estimate(EURO)]) 
VALUES(10034,'Landscape with an Eye',1938,'Ai-Mitsu','Pencil on board','Landscape','Surrealist',7600,8300,'Asian',16400);
INSERT INTO paintings (catalog_number,name,year, artist,technique,style,movement,[height(mm)], [width(mm)], gallery,[estimate(EURO)]) 
VALUES(10035,'Flowers and Butterflies',1941,'Ai-Mitsu','Pencil on board','Landscape','Surrealist',7600,8300,'Asian',16400);
INSERT INTO paintings (catalog_number,name,year, artist,technique,style,movement,[height(mm)], [width(mm)], gallery,[estimate(EURO)]) 
VALUES(10036,'A French Prisoner-of-War',1950,'Edgar Ainsworth','Pencil','Landscape','Ilustration',7600,8300,'Futurism',13400);
INSERT INTO paintings (catalog_number,name,year, artist,technique,style,movement,[height(mm)], [width(mm)], gallery,[estimate(EURO)]) 
VALUES(10037,'Ainsworth',1955,'Edgar Ainsworth','Pencil','Landscape','Ilustration',4500,5600,'Classicism',16400);
INSERT INTO paintings (catalog_number,name,year, artist,technique,style,movement,[height(mm)], [width(mm)], gallery,[estimate(EURO)]) 
VALUES(10038,'Moscow in Winter from the Sparrow Hills',1872,'Ivan Aivazovsky','Oil on canvas','Landscape','Romantic',4500,5600,'Classicism',16400);
INSERT INTO paintings (catalog_number,name,year, artist,technique,style,movement,[height(mm)], [width(mm)], gallery,[estimate(EURO)]) 
VALUES(10039,'Jesus walking on water',1888,'Ivan Aivazovsky','Oil on canvas','Landscape','Romantic',2300,4500,'Classicism',17300);
INSERT INTO paintings (catalog_number,name,year, artist,technique,style,movement,[height(mm)], [width(mm)], gallery,[estimate(EURO)]) 
VALUES(10040,'The portrait of Helena Modrzejewska',1880,'Tadeusz Ajdukiewicz','Oil on canvas','Landscape','Romantic',4500,5600,'Renaissanse',16400);
INSERT INTO paintings (catalog_number,name,year, artist,technique,style,movement,[height(mm)], [width(mm)], gallery,[estimate(EURO)]) 
VALUES(10041,'Military exercises of 1885',1885,'Tadeusz Ajdukiewicz','Oil on canvas','Landscape','Romantic',6000,9000,'Renaissanse',17300);
INSERT INTO paintings (catalog_number,name,year, artist,technique,style,movement,[height(mm)], [width(mm)], gallery,[estimate(EURO)]) 
VALUES(10042,'Nativity of the Virgin',1598,'Francesco Albani','Oil on canvas','Portrait','Baroqu`a',9000,6000,'Renaissanse',17300);
INSERT INTO paintings (catalog_number,name,year, artist,technique,style,movement,[height(mm)], [width(mm)], gallery,[estimate(EURO)]) 
VALUES(10043,'Annunciation',1633,'Francesco Albani','Oil on canvas','Portrait','Baroqu`a',9000,7800,'Futurism',17300);
INSERT INTO paintings (catalog_number,name,year, artist,technique,style,movement,[height(mm)], [width(mm)], gallery,[estimate(EURO)]) 
VALUES(10044,'Annunciation',1633,'Francesco Albani','Oil on canvas','Portrait','Baroqu`a',9000,7800,'Futurism',17300);
INSERT INTO paintings (catalog_number,name,year, artist,technique,style,movement,[height(mm)], [width(mm)], gallery,[estimate(EURO)]) 
VALUES(10045,'Scenery',1942,'Knud Agger','Oil on Canvas','Landscape','experimentalist',520,735,'Abstract Expressionism',12600);
INSERT INTO paintings (catalog_number,name,year, artist,technique,style,movement,[height(mm)], [width(mm)], gallery,[estimate(EURO)]) 
VALUES(10046,'Solidarity',1978,'Abed Abdi','Ink and acrylic','portrait','Postmodernism',450,380,'Futurism',11400);
INSERT INTO paintings (catalog_number,name,year, artist,technique,style,movement,[height(mm)], [width(mm)], gallery,[estimate(EURO)]) 
VALUES(10047,'The Ninth Wave',1850,'Ivan Aivazovsky','Oil on canvas','Landscape','Romantic',2210,3320,'Classicism',380000);
 

SET IDENTITY_INSERT paintings OFF

------- INSERT sculptures ----
SET IDENTITY_INSERT sculptures ON
INSERT INTO sculptures (catalog_number,name,year,artist,material,country,"area_requiered(sq_cm)",gallery,"estimate(EURO)") 
VALUES(70000,'Opettajani',1919,'Wäinö Aaltonen','marble','Finland',1800,'Renaissanse',110100);
INSERT INTO sculptures (catalog_number,name,year,artist,material,country,"area_requiered(sq_cm)",gallery,"estimate(EURO)") 
VALUES(70001,'Aaro Hellaakosken pronssipää',1919,'Wäinö Aaltonen','marble','Finland',2600,'Expressionism',20000);
INSERT INTO sculptures (catalog_number,name,year,artist,material,country,"area_requiered(sq_cm)",gallery,"estimate(EURO)") 
VALUES(70002,'Toon Dupius',1905,'Johannes Josephus Aarts','metal','Netherlands',5000,'Expressionism',20000);
INSERT INTO sculptures (catalog_number,name,year,artist,material,country,"area_requiered(sq_cm)",gallery,"estimate(EURO)") 
VALUES(70003,'Di Conway',1901,'Johannes Josephus Aarts','marble','Netherlands',4100,'Expressionism',150300);
INSERT INTO sculptures (catalog_number,name,year,artist,material,country,"area_requiered(sq_cm)",gallery,"estimate(EURO)") 
VALUES(70004,'Nierozpoznani ("The Unrecognised nes")',2002,'Magdalena Abakanowicz','metal','Poland',7200,'Expressionism',600000);
INSERT INTO sculptures (catalog_number,name,year,artist,material,country,"area_requiered(sq_cm)",gallery,"estimate(EURO)") 
VALUES(70005,'Agora',2004,'Magdalena Abakanowicz','marble','Poland',6200,'Expressionism',110100);
INSERT INTO sculptures (catalog_number,name,year,artist,material,country,"area_requiered(sq_cm)",gallery,"estimate(EURO)") 
VALUES(70006,'Jadaliyya',2010,'Abed Abdi','metal','Palestine',1400,'Futurism',20000);
INSERT INTO sculptures (catalog_number,name,year,artist,material,country,"area_requiered(sq_cm)",gallery,"estimate(EURO)") 
VALUES(70007,'Alchetron',2011,'Abed Abdi','metal','Palestine',950,'Futurism',110100);
INSERT INTO sculptures (catalog_number,name,year,artist,material,country,"area_requiered(sq_cm)",gallery,"estimate(EURO)") 
VALUES(70008,'Beacon',1971,'Per Abramsen','marble','Netherlands',1000,'Abstract Expressionism',110100);
INSERT INTO sculptures (catalog_number,name,year,artist,material,country,"area_requiered(sq_cm)",gallery,"estimate(EURO)") 
VALUES(70009,'No title',1984,'Per Abramsen','metal','Netherlands',950,'Futurism',20000);
INSERT INTO sculptures (catalog_number,name,year,artist,material,country,"area_requiered(sq_cm)",gallery,"estimate(EURO)") 
VALUES(70010,'Monument to Quemuenchatocha',1939,'Julio Abril','metal','Colombia',3300,'Futurism',150300);
INSERT INTO sculptures (catalog_number,name,year,artist,material,country,"area_requiered(sq_cm)",gallery,"estimate(EURO)") 
VALUES(70011,'Cabeza de India Boyacense',1936,'Julio Abril','metal','Colombia',3200,'Futurism',20000);
INSERT INTO sculptures (catalog_number,name,year,artist,material,country,"area_requiered(sq_cm)",gallery,"estimate(EURO)") 
VALUES(70012,'Elek Lux',1990,'József Ács','metal','Hungary',950,'Futurism',110100);
INSERT INTO sculptures (catalog_number,name,year,artist,material,country,"area_requiered(sq_cm)",gallery,"estimate(EURO)") 
VALUES(70013,'Fotok Iistaja',1988,'József Ács','metal','Hungary',950,'Futurism',110100);
INSERT INTO sculptures (catalog_number,name,year,artist,material,country,"area_requiered(sq_cm)",gallery,"estimate(EURO)") 
VALUES(70014,'The Virgin Appearing to St Andrew Corsini',1732,'Lambert-Sigisbert Adam','marble','France',890,'Gothic',150300);
INSERT INTO sculptures (catalog_number,name,year,artist,material,country,"area_requiered(sq_cm)",gallery,"estimate(EURO)") 
VALUES(70015,'The Triumph of Neptune stilling the Waves',1737,'Lambert-Sigisbert Adam','marble','France',890,'Gothic',600000);
INSERT INTO sculptures (catalog_number,name,year,artist,material,country,"area_requiered(sq_cm)",gallery,"estimate(EURO)") 
VALUES(70016,'4 Themes Contrepoint',1959,'Yaacov Agam','metal','Palestine',890,'Rome',20000);
INSERT INTO sculptures (catalog_number,name,year,artist,material,country,"area_requiered(sq_cm)",gallery,"estimate(EURO)") 
VALUES(70017,'Complex Vision',1969,'Yaacov Agam','marble','Palestine',850,'Rome',110100);
INSERT INTO sculptures (catalog_number,name,year,artist,material,country,"area_requiered(sq_cm)",gallery,"estimate(EURO)") 
VALUES(70018,'Jonah',1804,'Aleijadinho(Antonio Francisco Lisboa)','marble','Brazil',1400,'Asian',14000);
INSERT INTO sculptures (catalog_number,name,year,artist,material,country,"area_requiered(sq_cm)",gallery,"estimate(EURO)") 
VALUES(70019,'Four Seasons with a Sundial',1984,'Kinji Akagawa','marble','Japan',1500,'Asian',150300);
INSERT INTO sculptures (catalog_number,name,year,artist,material,country,"area_requiered(sq_cm)",gallery,"estimate(EURO)") 
VALUES(70020,'Disabled',2016,'Amber Aguirre','metal','America',1200,'Asian',110100);
INSERT INTO sculptures (catalog_number,name,year,artist,material,country,"area_requiered(sq_cm)",gallery,"estimate(EURO)") 
VALUES(70021,'Bayou Sculpture',1985,'Kinji Akagawa','marble','Japan',4800,'Asian',110100);
INSERT INTO sculptures (catalog_number,name,year,artist,material,country,"area_requiered(sq_cm)",gallery,"estimate(EURO)") 
VALUES(70022,'Peace Garden Bridge',2009,'Kinji Akagawa','metal','Japan',4900,'Asian',110100);
INSERT INTO sculptures (catalog_number,name,year,artist,material,country,"area_requiered(sq_cm)",gallery,"estimate(EURO)") 
VALUES(70023,'Garden Seating, Thinking, Reading',1987,'Kinji Akagawa','marble','Japan',7800,'Asian',150300);
INSERT INTO sculptures (catalog_number,name,year,artist,material,country,"area_requiered(sq_cm)",gallery,"estimate(EURO)") 
VALUES(70024,'The Dead Pearl Diver',1858,'Benjamin Paul Akers','marble','America',5800,'Classicism',150300);
INSERT INTO sculptures (catalog_number,name,year,artist,material,country,"area_requiered(sq_cm)",gallery,"estimate(EURO)") 
VALUES(70025,'Samuel Appleton',1851,'Benjamin Paul Akers','marble','America',450,'Classicism',110100);
INSERT INTO sculptures (catalog_number,name,year,artist,material,country,"area_requiered(sq_cm)",gallery,"estimate(EURO)") 
VALUES(70026,'Isaiah',1800,'Aleijadinho(Antonio Francisco Lisboa)','marble','Brazil',6200,'Gothic',600000);
INSERT INTO sculptures (catalog_number,name,year,artist,material,country,"area_requiered(sq_cm)",gallery,"estimate(EURO)") 
VALUES(70027,'Baruch',1802,'Aleijadinho(Antonio Francisco Lisboa)','marble','Brazil',7200,'Abstract Expressionism',600000);
INSERT INTO sculptures (catalog_number,name,year,artist,material,country,"area_requiered(sq_cm)",gallery,"estimate(EURO)") 
VALUES(70028,'Fools Gold',2014,'Diana Al-Hadid','metal','Syria',7100,'Abstract Expressionism',110100);
INSERT INTO sculptures (catalog_number,name,year,artist,material,country,"area_requiered(sq_cm)",gallery,"estimate(EURO)") 
VALUES(70029,'Divided Line',2012,'Diana Al-Hadid','marble','Syria',2300,'Abstract Expressionism',20000);
INSERT INTO sculptures (catalog_number,name,year,artist,material,country,"area_requiered(sq_cm)",gallery,"estimate(EURO)") 
VALUES(70030,'Maurizio Frangipane',1638,'Alessandro Algardi','marble','Italy',1200,'Futurism',600000);
INSERT INTO sculptures (catalog_number,name,year,artist,material,country,"area_requiered(sq_cm)",gallery,"estimate(EURO)") 
VALUES(70031,'Olimpia Pamphili',1647,'Alessandro Algardi','marble','Italy',2200,'Futurism',20000);
INSERT INTO sculptures (catalog_number,name,year,artist,material,country,"area_requiered(sq_cm)",gallery,"estimate(EURO)") 
VALUES(70032,'Musica',1926,'Wäinö Aaltonen','marble','Finland',5100,'Classicism',20000);
INSERT INTO sculptures (catalog_number,name,year,artist,material,country,"area_requiered(sq_cm)",gallery,"estimate(EURO)") 
VALUES(70033,'Marjatta',1934,'Wäinö Aaltonen','marble','Finland',1400,'Classicism',20000);
INSERT INTO sculptures (catalog_number,name,year,artist,material,country,"area_requiered(sq_cm)",gallery,"estimate(EURO)") 
VALUES(70034,'Light into the shadow',2011,'Per Abramsen','metal','Netherlands',1360,'Classicism',430000);
INSERT INTO sculptures (catalog_number,name,year,artist,material,country,"area_requiered(sq_cm)",gallery,"estimate(EURO)") 
VALUES(70035,'Wandplastiek',1980,'Per Abramsen','marble','Netherlands',1900,'Expressionism',230000);
INSERT INTO sculptures (catalog_number,name,year,artist,material,country,"area_requiered(sq_cm)",gallery,"estimate(EURO)") 
VALUES(70036,'Al(l)ongée',1986,'Per Abramsen','marble','Netherlands',1400,'Expressionism',425000);
INSERT INTO sculptures (catalog_number,name,year,artist,material,country,"area_requiered(sq_cm)",gallery,"estimate(EURO)") 
VALUES(70037,'Alfarera de Ráquira',1938,'Julio Abril','marble','Colombia',1500,'Expressionism',842000);
INSERT INTO sculptures (catalog_number,name,year,artist,material,country,"area_requiered(sq_cm)",gallery,"estimate(EURO)") 
VALUES(70038,'Project for the Monument to the Indian',1939,'Julio Abril','marble','Colombia',1500,'Renaissanse',750000);
INSERT INTO sculptures (catalog_number,name,year,artist,material,country,"area_requiered(sq_cm)",gallery,"estimate(EURO)") 
VALUES(70039,'The Seine and the Marne',1733,'Lambert-Sigisbert Adam','marble','France',1600,'Gothic',652000);
INSERT INTO sculptures (catalog_number,name,year,artist,material,country,"area_requiered(sq_cm)",gallery,"estimate(EURO)") 
VALUES(70040,'Liongee liggende vrouw',1997,'Per Abramsen','metal','Netherlands',28000,'Expressionism',98000);


SET IDENTITY_INSERT sculptures OFF
------- INSERT artefacts ----
SET IDENTITY_INSERT artefacts ON
INSERT INTO artefacts (catalog_number,name,century,discovery_site,civilization,material,portable,count,gallery,"estimate(EURO)") 
VALUES(40000,'Arin Sakhri Lovers','90 BC','Bethlehem','Natufian','stone','y',1,'Ancient Greece',543000);
INSERT INTO artefacts (catalog_number,name,century,discovery_site,civilization,material,portable,count,gallery,"estimate(EURO)")
VALUES(40001,'Amulet MS 5236','6 BC','Greece','Ancient Greece','gold','y',1,'Ancient Greece',685000);
INSERT INTO artefacts (catalog_number,name,century,discovery_site,civilization,material,portable,count,gallery,"estimate(EURO)")
VALUES(40002,'Hartog Plate','17 AD','Dirk Hartog Island','European settlement','pewter','y',2,'Rome',120000);
INSERT INTO artefacts (catalog_number,name,century,discovery_site,civilization,material,portable,count,gallery,"estimate(EURO)")
VALUES(40003,'Ivory pomegranate','13 BC','Bethlehem','Semitic','ivory','y',1,'Ancient Egypt',956000);
INSERT INTO artefacts (catalog_number,name,century,discovery_site,civilization,material,portable,count,gallery,"estimate(EURO)")
VALUES(40004,'Ateni Theotokos Church inscription','10 AD','Didi Ateni','Georgian','stone','n',1,'Rome',365000);
INSERT INTO artefacts (catalog_number,name,century,discovery_site,civilization,material,portable,count,gallery,"estimate(EURO)")
VALUES(40005,'Quipu','17 BC','South America','Andean','metal','y',1,'Ancient Egypt',365400);
INSERT INTO artefacts (catalog_number,name,century,discovery_site,civilization,material,portable,count,gallery,"estimate(EURO)")
VALUES(40006,'Phaistos Disc','18 BC','Crete','Minoan','clay','y',1,'Ancient Greece',953000);
INSERT INTO artefacts (catalog_number,name,century,discovery_site,civilization,material,portable,count,gallery,"estimate(EURO)")
VALUES(40007,'Seneb and his family','26 BC','Cairo','Ancient Egypt','stone','y',1,'Ancient Egypt',321000);
INSERT INTO artefacts (catalog_number,name,century,discovery_site,civilization,material,portable,count,gallery,"estimate(EURO)")
VALUES(40008,'Beeston Tor Hoard','9 AD','Staffordshire',' Anglo-Saxon','metal','y',54,'Rome',352000);
INSERT INTO artefacts (catalog_number,name,century,discovery_site,civilization,material,portable,count,gallery,"estimate(EURO)")
VALUES(40009,'Killycluggin Stone','4 BC','Singapore','Stone Аge','stone','y',1,'Asian',462000);
INSERT INTO artefacts (catalog_number,name,century,discovery_site,civilization,material,portable,count,gallery,"estimate(EURO)")
VALUES(40010,'Lavant drum','30 BC','West Sussex','Neolith','chalk','y',1,'Rome',621000);
INSERT INTO artefacts (catalog_number,name,century,discovery_site,civilization,material,portable,count,gallery,"estimate(EURO)")
VALUES(40011,'Cantiorix Inscription','5 AD','Wales','Roman','stone','y',1,'Rome',125000);
INSERT INTO artefacts (catalog_number,name,century,discovery_site,civilization,material,portable,count,gallery,"estimate(EURO)")
VALUES(40012,'Butuan Silver Paleograph','15 AD','Butuan province','Javanese','metal','y',1,'Asian',359000);
INSERT INTO artefacts (catalog_number,name,century,discovery_site,civilization,material,portable,count,gallery,"estimate(EURO)")
VALUES(40013,'Stele of Serapeitis','2 AD','Armazi','Ancient Greece','stone','y',1,'Ancient Greece',324000);
INSERT INTO artefacts (catalog_number,name,century,discovery_site,civilization,material,portable,count,gallery,"estimate(EURO)")
VALUES(40014,'Thebes tablets','13 BC','Greece','Ancient Greece','stone','y',21,'Ancient Greece',225000);
INSERT INTO artefacts (catalog_number,name,century,discovery_site,civilization,material,portable,count,gallery,"estimate(EURO)")
VALUES(40015,'Maitum anthropomorphic pottery','3 AD','Philippines','Filipino','Earthenware','y',147,'Asian',328000);
INSERT INTO artefacts (catalog_number,name,century,discovery_site,civilization,material,portable,count,gallery,"estimate(EURO)")
VALUES(40016,'Daensen folding chair','14 BC','Germany','Nordic Bronze Age','metal','y',18,'Rome',354000);
INSERT INTO artefacts (catalog_number,name,century,discovery_site,civilization,material,portable,count,gallery,"estimate(EURO)")
VALUES(40017,'Epitaph of Samuel','5 AD','Jerusalem','Ancient Greece','stone','y',1,'Ancient Greece',225000);
INSERT INTO artefacts (catalog_number,name,century,discovery_site,civilization,material,portable,count,gallery,"estimate(EURO)")
VALUES(40018,'Osorkon Bust','9 BC','Byblos','Ancient Egypt','Quartzite','y',1,'Ancient Egypt',255000);
INSERT INTO artefacts (catalog_number,name,century,discovery_site,civilization,material,portable,count,gallery,"estimate(EURO)")
VALUES(40019,'Warring States crystal glass','3 BC','China','Ancient China','glass','y',1,'Asian',865000);
INSERT INTO artefacts (catalog_number,name,century,discovery_site,civilization,material,portable,count,gallery,"estimate(EURO)")
VALUES(40020,'Anglo-Saxon brooches','5 AD','West Sussex','Anglo-Saxon','metal','y',100,'Rome',452000);
INSERT INTO artefacts (catalog_number,name,century,discovery_site,civilization,material,portable,count,gallery,"estimate(EURO)")
VALUES(40021,'Jōmon Venus','20 BC','Japan','Ancient Japan','clay','y',1,'Asian',125000);
INSERT INTO artefacts (catalog_number,name,century,discovery_site,civilization,material,portable,count,gallery,"estimate(EURO)")
VALUES(40022,'Zanata Stone','7 AD','China','Ancient China','stone','y',1,'Asian',145000);
INSERT INTO artefacts (catalog_number,name,century,discovery_site,civilization,material,portable,count,gallery,"estimate(EURO)")
VALUES(40023,'Scottish painted pebbles','2 AD','Scotland','Azilian','clay','y',15,'Rome',525000);
INSERT INTO artefacts (catalog_number,name,century,discovery_site,civilization,material,portable,count,gallery,"estimate(EURO)")
VALUES(40024,'Pejeng drum','2 AD','China','Ancient China','metal','y',1,'Asian',225000);
INSERT INTO artefacts (catalog_number,name,century,discovery_site,civilization,material,portable,count,gallery,"estimate(EURO)")
VALUES(40025,'Nile boat','10 BC','Byblos','Ancient Egypt','wood','y',1,'Ancient Egypt',250000);
INSERT INTO artefacts (catalog_number,name,century,discovery_site,civilization,material,portable,count,gallery,"estimate(EURO)")
VALUES(40026,'Nefertiti Bust','14 BC','Amarna','Ancient Egypt','Limestone','y',1,'Ancient Egypt',1000000);
INSERT INTO artefacts (catalog_number,name,century,discovery_site,civilization,material,portable,count,gallery,"estimate(EURO)")
VALUES(40027,'Disc fibula','7 AD','Scotland','Anglo-Saxon','metal','y',1,'Rome',145000);
INSERT INTO artefacts (catalog_number,name,century,discovery_site,civilization,material,portable,count,gallery,"estimate(EURO)")
VALUES(40028,'Coligny calendar','2 AD','France','Roman','stone','y',1,'Rome',169000);
INSERT INTO artefacts (catalog_number,name,century,discovery_site,civilization,material,portable,count,gallery,"estimate(EURO)")
VALUES(40029,'Little Thetford flesh-hook','11 BC','England','Bronze Age','bronze','y',2,'Ancient Greece',162000);

SET IDENTITY_INSERT artefacts OFF

------- INSERT membership_cards---

INSERT INTO membership_cards VALUES('Ameera Benton','4 Farjeon Court','Brockenhurst','1957-03-10','2024-12-14','Ancient Greece',49.68);
INSERT INTO membership_cards VALUES('Dione Chester','4 Birkacre Brow','Coppull','1948-11-09','2022-01-01','Ancient Egypt',41.33);
INSERT INTO membership_cards VALUES('Sylvia Ali','26 Farm Close','Lingwood','1953-11-16','2020-10-08','Rome',82.44);
INSERT INTO membership_cards VALUES('Alanah Case','3 Park End Cottages','Bladon','1951-01-19','2025-06-07','Asian',63.78);
INSERT INTO membership_cards VALUES('Tyrone Cox','1 Isbourne Way',' Birmingham','1953-11-16','2020-07-26','Gothic',42.16);
INSERT INTO membership_cards VALUES('Ricky Nicholson','8 Yeabsleys Way','Castle Cary','1977-01-04','2025-12-19','Renaissanse',73.94);
INSERT INTO membership_cards VALUES('Kiah Rennie','4 Brook Close',' North Baddesley','1987-03-21','2025-05-09','Expressionism',64.90);
INSERT INTO membership_cards VALUES('Harlan Naylor','8 Rothley Way','Lurgashall','1983-03-12','2025-04-02','Classicism',71.83);
INSERT INTO membership_cards VALUES('Ariella Henson','Far Leys','Southwell','1988-06-02','2024-06-17','Futurism',63.82);
INSERT INTO membership_cards VALUES('Isis Morrison','23 Rosebery Road',' Alresford','1948-12-09','2025-12-16','Abstract Expressionism',93.14);
INSERT INTO membership_cards VALUES('Jorja Hays','Foxlea Cottage','Chilham','1948-04-27','2024-01-31','Ancient Greece',78.65);
INSERT INTO membership_cards VALUES('Annaliese Fuentes','16 Llys Fran',' Llanelli','1951-07-15','2020-11-03','Ancient Egypt',83.68);
INSERT INTO membership_cards VALUES('Kierran Bevan',' 105 Guilford Street','London','1974-09-10','2023-10-28','Ancient Egypt',20.00);
INSERT INTO membership_cards VALUES('Heather Hodge',' 15B Berrow Road','Burnham-On-Sea','1991-07-14','2022-10-27','Asian',24.72);
INSERT INTO membership_cards VALUES('Cecil Callaghan','9 Mill View Court','Bickerstaffe','1970-11-10','2021-10-12','Gothic',68.78);
INSERT INTO membership_cards VALUES('Beverly Mustafa','5 Hill View','Small Dole','1953-04-21','2022-11-15','Renaissanse',55.19);
INSERT INTO membership_cards VALUES('Shanna Frye','7 Northfield Road','Tetbury','1947-09-28','2021-01-30','Expressionism',52.36);
INSERT INTO membership_cards VALUES('Abby Finley','9 Marcuse Fields','Bosham','1957-02-08','2024-06-30','Classicism',50.66);
INSERT INTO membership_cards VALUES('Donte Bowden','11 Lyndhurst','Middle Drove','1953-11-07','2022-01-11','Futurism',60.30);
INSERT INTO membership_cards VALUES('Ewan Atkins','9 Downs','Higher Metcombe','1971-05-05','2025-04-05','Abstract Expressionism',63.37);
INSERT INTO membership_cards VALUES('Katherine Lowe','2 Kingswood Estate','London','1961-05-01','2024-10-29','Ancient Greece',54.29);
INSERT INTO membership_cards VALUES('Layla-Mae Crawford','470 Baker Street','Alvaston','1966-11-13','2024-06-07','Ancient Egypt',54.04);
INSERT INTO membership_cards VALUES('Ty Fischer','Aldon, Milford Road','Newtown','1972-11-26','2024-09-22','Rome',73.97);
INSERT INTO membership_cards VALUES('Angelika Terry','Norrard',' Bryher','1977-03-11','2020-11-25','Asian',59.52);
INSERT INTO membership_cards VALUES('Rahim Buxton','12 Danescroft','Letchworth Garden City','1992-01-02','2022-02-13','Gothic',28.47);
INSERT INTO membership_cards VALUES('Aaisha Chen','3 Nunnery Hill Way','Nenthead','1983-02-16','2024-07-11','Renaissanse',72.27);
INSERT INTO membership_cards VALUES('Shivam Rees','Bryn Awel','Dulas','1968-11-20','2022-02-09','Expressionism',20.52);
INSERT INTO membership_cards VALUES('Marshall Rubio','19 Riec Sur Belon Way','Ilminster','1965-10-26','2025-05-14','Classicism',63.34);
INSERT INTO membership_cards VALUES('Karson Christian','27 Parkfield Crescent','Wolverhampton','1953-04-08','2024-01-16','Futurism',47.66);
INSERT INTO membership_cards VALUES('Alanna West','Well Cottage, Newbury Street','Whitchurch','1972-02-16','2020-03-23','Abstract Expressionism',96.76);
INSERT INTO membership_cards VALUES('Esme Couch','Bronte, Wrights Lane','Friskney','1972-10-19','2025-03-13','Ancient Greece',61.76);
INSERT INTO membership_cards VALUES('Anne Sloan','1 Sandringham Road','Didcot','1973-08-04','2022-12-13','Ancient Egypt',66.13);
INSERT INTO membership_cards VALUES('Artur Keeling','269 Noel Road','London','1969-01-08','2020-07-30','Rome',63.42);
INSERT INTO membership_cards VALUES('Cleveland Price','The Hollies, Thirsk Road','Easingwold','1988-06-11','2023-09-29','Asian',92.26);
INSERT INTO membership_cards VALUES('Florrie English','Green Lane Farm, Green Lane','Kington Magna','1992-01-24','2022-08-09','Gothic',52.24);
INSERT INTO membership_cards VALUES('Mysha Haworth','2 Basildon Court, Croxley Road','Nash Mills Wharf','1983-05-31','2022-03-21','Renaissanse',28.75);
INSERT INTO membership_cards VALUES('Anderson Edmonds','16 Queens Crescent','Stubbington','1945-03-08','2024-08-05','Expressionism',63.83);
INSERT INTO membership_cards VALUES('Riya Wormald','Flat 1, The Rest, Crag Path','Aldeburgh','1983-08-11','2021-04-12','Classicism',53.22);
INSERT INTO membership_cards VALUES('Lylah Ridley','7 Mill Weir Gardens','Liverpool','1945-07-14','2021-05-08','Futurism',32.69);
INSERT INTO membership_cards VALUES('Stewart Landry','59 Seymour Road','Trowbridge','1950-09-14','2025-03-06','Abstract Expressionism',57.19);
INSERT INTO membership_cards VALUES('Tyler-James Oakley','82 Grainger Street','Newcastle Upon Tyne','1946-02-02','2021-11-03','Ancient Greece',54.41);
INSERT INTO membership_cards VALUES('Tracy Rice','56 Willoughby Road','Bridgwater','1970-06-07','2024-11-04','Ancient Egypt',40.67);
INSERT INTO membership_cards VALUES('Harmony Cochran','8 Spinners Croft','Trowbridge','1984-12-14','2023-09-01','Rome',68.00);
INSERT INTO membership_cards VALUES('Stefan Mills','26 Station Terrace','Brithdir','1990-11-14','2020-03-30','Asian',64.10);
INSERT INTO membership_cards VALUES('Caoimhe Pratt','37 Rigby Gardens','Grays','1967-07-20','2025-04-29','Gothic',74.31);
INSERT INTO membership_cards VALUES('Lewys Odonnell','2 Windermere','York','1987-07-05','2025-06-20','Renaissanse',93.63);
INSERT INTO membership_cards VALUES('Darcie-Mae Collins','76 Broad Lane','London','1992-05-22','2021-12-28','Expressionism',69.19);
INSERT INTO membership_cards VALUES('Drake Mcculloch','11 Ashdown Close','Great Notley','1963-01-05','2022-04-04','Classicism',55.20);
INSERT INTO membership_cards VALUES('Elana John','Hamston Fawr','Dyffryn','1966-01-08','2022-07-19','Futurism',61.75);
INSERT INTO membership_cards VALUES('Fay Keith','Byrds Cottage, The Cross','Bretforton','1961-06-16','2020-03-22','Abstract Expressionism',47.47);
INSERT INTO membership_cards VALUES('Montgomery Irwin','Flat 1, Court House, Basil Street','London','1963-01-10','2022-08-11','Ancient Greece',29.58);
INSERT INTO membership_cards VALUES('Herbert Diaz','21 Hollymount','Worcester','1988-03-10','2024-09-03','Ancient Egypt',62.27);
INSERT INTO membership_cards VALUES('Simona Boyle','9 Hay Pool','Farnborough','1943-03-31','2020-09-14','Rome',50.07);
INSERT INTO membership_cards VALUES('Jacob Austin','Flat 21, Riverside Court, 4 Quayside Road','Southampton','1943-10-27','2023-04-21','Asian',82.10);
INSERT INTO membership_cards VALUES('Menaal Gibson','Llwyn Aerau','Llanbrynmair','1951-01-19','2025-02-28','Gothic',57.06);
INSERT INTO membership_cards VALUES('Erika Peterson','Penycastell Uchaf','Sarn','1946-01-29','2023-05-04','Renaissanse',43.95);
INSERT INTO membership_cards VALUES('Cairo Curran','73 Howard Road','Upminster','1948-11-20','2021-08-02','Expressionism',46.78);
INSERT INTO membership_cards VALUES('Eamonn Barton','33 Shenton Road','Barwell','1954-04-29','2025-03-28','Classicism',78.37);
INSERT INTO membership_cards VALUES('Chantel Alston','24 Bathurst Road','Gloucester','1992-11-02','2021-02-03','Futurism',41.63);
INSERT INTO membership_cards VALUES('Roshni Montgomery','85 Brox Road','Ottershaw','1972-03-06','2021-09-11','Abstract Expressionism',52.85);
INSERT INTO membership_cards VALUES('Brianna Chamberlain','4 Osborne Road','Huddersfield','1975-05-16','2023-01-12','Ancient Greece',41.02);
INSERT INTO membership_cards VALUES('Kaylan Webster','5 Neal Court','Coventry','1964-09-30','2022-08-10','Ancient Egypt',98.75);
INSERT INTO membership_cards VALUES('Juniper Grant','51A Ward Street','Ettingshall','1993-01-04','2025-02-22','Rome',63.47);
INSERT INTO membership_cards VALUES('Neha Fitzpatrick','35 Europa Way','Norwich','1980-10-11','2022-08-03','Asian',56.58);
INSERT INTO membership_cards VALUES('Killian Woodcock','22 Gowers End','Glemsford','1967-01-31','2022-05-11','Gothic',43.77);
INSERT INTO membership_cards VALUES('Aleisha Davidson','10 Darnetsfield','Otford','1965-07-14','2023-11-04','Renaissanse',54.65);
INSERT INTO membership_cards VALUES('Morgan Rodrigues','Laburnum Cottage, Clotton Common','Clotton','1943-10-27','2020-04-19','Expressionism',30.95);
INSERT INTO membership_cards VALUES('Alexandra Church','34 Baldwin Road','Kings Lynn','1951-02-14','2021-11-30','Classicism',80.94);
INSERT INTO membership_cards VALUES('Aleesha Squires','74 Heathpark Drive','Windlesham','1980-06-17','2024-02-21','Futurism',35.21);
INSERT INTO membership_cards VALUES('Debra Mckenna','123 Holme Road','West Bridgford','1963-04-20','2025-07-12','Abstract Expressionism',40.54);
INSERT INTO membership_cards VALUES('Rayhan Robin','5 Custerson Drive','Black Notley','1950-10-09','2023-10-15','Ancient Greece',86.98);
INSERT INTO membership_cards VALUES('Malachi Knox','24 Brewster Gardens','London','1952-01-28','2025-11-09','Ancient Egypt',64.21);
INSERT INTO membership_cards VALUES('Kade Summers','15 Station Road','Great Massingham','1957-06-16','2020-04-24','Rome',70.38);
INSERT INTO membership_cards VALUES('Alastair Stone','1 Knapp Road','Ashford','1979-10-26','2020-10-22','Asian',67.39);
INSERT INTO membership_cards VALUES('Habibah Cantu','27 Sheriff Hutton','Sheriff Hutton','1978-01-11','2020-02-26','Rome',60.00);
INSERT INTO membership_cards VALUES('Fatema Lewis','20 Gladstone Drive','Hereford','1949-05-28','2024-10-03','Renaissanse',52.59);
INSERT INTO membership_cards VALUES('Maia Harrington','32 Riley Lane','Old Basing','1992-10-11','2020-01-29','Expressionism',47.39);
INSERT INTO membership_cards VALUES('Inara Norris','3 Lecondale Court','Gateshead','1964-06-02','2020-05-27','Classicism',43.30);
INSERT INTO membership_cards VALUES('Abigail Cain','25 Cone Lane','Silkstone Common','1969-02-02','2020-10-04','Futurism',96.52);
INSERT INTO membership_cards VALUES('Jorge Mcdowell','54 Rectory Road','Upton Upon Severn','1960-12-17','2022-06-01','Abstract Expressionism',52.03);
INSERT INTO membership_cards VALUES('Isaak Pemberton','1A Manor Gate','Dartford','1991-02-08','2024-03-22','Ancient Greece',55.85);
INSERT INTO membership_cards VALUES('Yvonne Person','56 Andrews Road','London','1982-09-07','2025-03-17','Ancient Egypt',81.52);
INSERT INTO membership_cards VALUES('Traci Talley','Shildon Grange','Corbridge','1971-01-13','2020-10-05','Rome',22.60);
INSERT INTO membership_cards VALUES('Felicity Parrish','1 Heming Walk','Nuneaton','1946-09-25','2023-11-26','Asian',35.16);
INSERT INTO membership_cards VALUES('Kurt Carney','19 Stone Road','Tittensor','1979-10-09','2023-04-20','Asian',90.00);
INSERT INTO membership_cards VALUES('Harry Cobb','54 Walsingham Road','Liverpool','1957-01-01','2024-11-14','Renaissanse',53.98);
INSERT INTO membership_cards VALUES('Meera Wyatt','4 Tremadart Close','Duloe','1971-06-22','2025-10-14','Expressionism',58.41);
INSERT INTO membership_cards VALUES('Malik Lyon','3 Longfield Lane','Ilkeston','1951-11-13','2022-12-07','Classicism',52.85);
INSERT INTO membership_cards VALUES('Roisin Scott','2 Rostherne Avenue','Great Sutton','1987-08-30','2020-08-29','Futurism',65.22);
INSERT INTO membership_cards VALUES('Izabela Portillo','14 Littlebury Court','Basildon','1945-05-25','2021-11-26','Abstract Expressionism',61.61);
INSERT INTO membership_cards VALUES('Harold Mccarthy','44 Prospect Street','Lancaster','1973-07-11','2022-01-21','Ancient Greece',50.48);
INSERT INTO membership_cards VALUES('Dixie Sparks','124 Villiers Street','Preston','1978-01-09','2025-12-28','Ancient Egypt',33.87);
INSERT INTO membership_cards VALUES('Steven Stanley','5 Kendal Avenue','Epping','1981-09-03','2024-09-02','Rome',59.93);
INSERT INTO membership_cards VALUES('Samson Mcdonald','24 The Grove','Jarrow','1958-03-21','2022-08-07','Asian',96.43);
INSERT INTO membership_cards VALUES('Caspian Santana','373 Bath Road','Hounslow','1987-12-25','2025-12-13','Gothic',65.01);
INSERT INTO membership_cards VALUES('Stephanie Byrne','48 Columbia Road','Turnford','1982-08-27','2021-08-04','Renaissanse',16.57);
INSERT INTO membership_cards VALUES('Maariya Maddox','20 Heath Mount','Leeds','1987-12-04','2022-12-21','Expressionism',50.20);
INSERT INTO membership_cards VALUES('Betty Kline','12 Main Cross Road','Great Yarmouth','1954-02-12','2021-10-31','Classicism',66.83);
INSERT INTO membership_cards VALUES('Ema Bell','44 Tors Park','Lynmouth','1943-11-09','2021-07-12','Futurism',21.18);
INSERT INTO membership_cards VALUES('Abigayle Watson','16 Belgrave Road','Bristol','1946-01-14','2023-01-05','Abstract Expressionism',46.16);
INSERT INTO membership_cards VALUES('Andrew Coles','17 Melford Grove','Liverpool','1949-02-18','2021-09-19','Ancient Greece',21.67);
INSERT INTO membership_cards VALUES('Riley-James Strickland','21 Church Parade','Canvey Island','1940-03-09','2021-11-19','Ancient Egypt',42.73);
INSERT INTO membership_cards VALUES('Poppy Howells','91 Grove Road','Hitchin','1986-06-22','2021-05-05','Rome',30.41);
INSERT INTO membership_cards VALUES('Cherise Walters','102 Polmear','Daywell','1955-04-30','2024-10-14','Asian',68.57);
INSERT INTO membership_cards VALUES('Scott Norton','18 Prospect Street','Liverpool','1961-02-18','2023-10-21','Futurism',75.23);
INSERT INTO membership_cards VALUES('Ellie-Mai Figueroa','11 Northload Street','Glastonbury','1941-04-02','2023-09-18','Renaissanse',30.00);
INSERT INTO membership_cards VALUES('Preston Holding','3 Hillside','Odiham','1961-05-08','2020-03-26','Renaissanse',90.90);
INSERT INTO membership_cards VALUES('Dhruv Allan','9 Hill Top Crescent','Harrogate','1983-08-27','2022-05-08','Expressionism',27.44);
INSERT INTO membership_cards VALUES('Maha Wilkes','2 Kings Drive','Carnforth','1980-10-08','2020-02-03','Classicism',56.33);
INSERT INTO membership_cards VALUES('Aurelia Crane','25 Middlebrook Green','Market Harborough','2000-12-18','2022-01-10','Futurism',88.66);
INSERT INTO membership_cards VALUES('Aaminah Parra','5 Sargents','Standon','1987-08-25','2024-04-27','Abstract Expressionism',84.30);
INSERT INTO membership_cards VALUES('Alexis Hensley','Ffynnon Iwan','Plwmp','1970-02-18','2021-06-12','Ancient Greece',20.01);
INSERT INTO membership_cards VALUES('Franklyn Charlton','12 The Anchorage',' Seaview','1984-06-02','2024-12-24','Ancient Egypt',94.04);
INSERT INTO membership_cards VALUES('Rahim James','4 Blackwall Way','London','1975-08-16','2025-02-09','Rome',28.64);
INSERT INTO membership_cards VALUES('Eddison Brady','43 Maple Drive','Walsall','1999-06-20','2020-06-01','Asian',52.44);
INSERT INTO membership_cards VALUES('Amritpal Casey','Old Town House','Bishops Itchington','1963-07-08','2020-05-03','Gothic',20.10);
INSERT INTO membership_cards VALUES('Aamir Finnegan','22 Admiralty Road','Southbourne','1975-06-25','2021-12-01','Renaissanse',47.80);
INSERT INTO membership_cards VALUES('Lily Reese','16 Opal Way','Bishops Cleeve','1963-05-06','2020-02-04','Expressionism',56.51);
INSERT INTO membership_cards VALUES('Lily-Mai Oneal','1 Portland Place','Taunton','1962-10-29','2021-10-29','Classicism',45.65);
INSERT INTO membership_cards VALUES('Jae Gamble','1 Bollinder Place','Islington','2004-05-28','2020-02-19','Futurism',26.35);
INSERT INTO membership_cards VALUES('Scott Norton','21 Brook Street','Manningtree','1977-10-03','2025-11-10','Abstract Expressionism',87.20);
INSERT INTO membership_cards VALUES('Fahima Koch','3 Portland Terrace','Langwith','1997-09-14','2025-12-09','Ancient Greece',88.42);
INSERT INTO membership_cards VALUES('Lexi-May Mckee','11 Grays Corner','Ilford','1978-04-22','2021-04-27','Ancient Egypt',56.53);
INSERT INTO membership_cards VALUES('Judith Dunlop','29 Abberton Way','Grays','1970-02-13','2021-09-14','Rome',39.21);
INSERT INTO membership_cards VALUES('Summer Trevino','33 Ruperra Close','Bassaleg','1942-10-02','2021-02-09','Asian',36.46);
INSERT INTO membership_cards VALUES('Mabel Obrien','14 Huddersfield Road','Mossley','1945-06-23','2023-05-27','Gothic',17.71);
INSERT INTO membership_cards VALUES('Karson Bowler','22 Spur Close','Abbots Langley','1954-06-19','2024-03-21','Renaissanse',75.15);
INSERT INTO membership_cards VALUES('Emmett Weaver','1 London Row','Blindcrake','1945-11-04','2022-07-31','Expressionism',80.51);
INSERT INTO membership_cards VALUES('Skylar Bates','70 Marsden Road','South Shields','2004-07-27','2021-06-21','Classicism',79.40);
INSERT INTO membership_cards VALUES('Rosa Rawlings',' 78 Wordsworth Drive','Sutton','1969-09-24','2020-07-15','Futurism',88.46);
INSERT INTO membership_cards VALUES('Kelsie Truong','Beech House','Mundford','1998-02-11','2020-10-20','Abstract Expressionism',84.77);
INSERT INTO membership_cards VALUES('Usama Terry','17 Penuel Road','Pentyrch','1971-11-11','2022-09-04','Ancient Greece',63.94);
INSERT INTO membership_cards VALUES('Conner Cole','25 Ranelagh Road','Felixstowe','1944-07-02','2022-06-20','Ancient Egypt',72.78);
INSERT INTO membership_cards VALUES('Manav Mckenna','88 Newnham Road','Binstead','1992-07-16','2021-09-13','Rome',17.94);
INSERT INTO membership_cards VALUES('Ilayda Bentley','5 Milestone Close','North Petherton','1994-11-13','2025-03-22','Asian',38.08);
INSERT INTO membership_cards VALUES('Myron Petty','25 Lawrence Moorings','Sawbridgeworth','1959-07-05','2022-09-29','Gothic',98.35);
INSERT INTO membership_cards VALUES('Dahlia Lutz','32 Alford Avenue','Oughtibridge','1995-11-04','2024-08-15','Renaissanse',29.07);
INSERT INTO membership_cards VALUES('Anoushka Pate','Beechwood Cottage, Moss Heaps','Gateshead','1962-07-14','2025-07-02','Expressionism',63.78);
INSERT INTO membership_cards VALUES('Jacqueline Valenzuela','17 Elm Grove','Taunton','1944-05-08','2025-04-28','Classicism',59.59);
INSERT INTO membership_cards VALUES('Pierce Woodward','6 The Crestway','Whetstone','1978-05-22','2021-09-20','Futurism',88.54);
INSERT INTO membership_cards VALUES('Ammaarah Macdonald','3 Mayfield Terrace','Mayfield','1981-12-29','2024-11-18','Abstract Expressionism',65.81);
INSERT INTO membership_cards VALUES('Monique Jarvis','32 Sloane Street','London','1960-09-06','2020-06-03','Ancient Greece',57.02);
INSERT INTO membership_cards VALUES('Kadie Rios','29 Tattels Lane','Thorley','1995-02-22','2020-10-04','Ancient Egypt',53.91);
INSERT INTO membership_cards VALUES('Lynn Ramos','End House','Blaenffos','1973-07-18','2020-02-06','Rome',91.39);
INSERT INTO membership_cards VALUES('Frederic Suarez','220 Camp Hill Road','Nuneaton','1945-10-11','2020-03-14','Asian',52.19);
INSERT INTO membership_cards VALUES('Bethan Sherman','38 Ongar Road','Abridge','1987-05-26','2023-05-15','Gothic',49.19);
INSERT INTO membership_cards VALUES('Saskia Lewis','2 Judge Walk','Claygate','1959-02-07','2021-10-14','Renaissanse',51.38);
INSERT INTO membership_cards VALUES('Alton Hanson','68 Heath Road','Burton-On-Trent','1973-07-07','2021-03-20','Expressionism',63.08);
INSERT INTO membership_cards VALUES('Faraz Knox','138 Pinner Hill Road','Pinner','1942-10-30','2023-04-12','Classicism',48.22);
INSERT INTO membership_cards VALUES('Mylie Mathews','2 Drift Cottages','Rossett','1994-04-08','2023-12-14','Futurism',34.36);
INSERT INTO membership_cards VALUES('Joanne Berry','22 Wavertree Road','Manchester','1983-11-21','2020-01-20','Abstract Expressionism',48.48);
INSERT INTO membership_cards VALUES('Leandro Weeks','14 Dashley','Broadwoodkelly','1990-12-07','2021-09-12','Ancient Greece',21.19);
INSERT INTO membership_cards VALUES('Dannielle Blake','5 St Abbs Court','Tattenhoe','1979-07-04','2025-10-25','Ancient Egypt',53.91);
INSERT INTO membership_cards VALUES('Teo Larsen','25 Geneshall Close','Gnosall','2002-12-03','2021-10-23','Rome',26.48);
INSERT INTO membership_cards VALUES('Nusaybah Mair','9 Naze Park Road','Walton On The Naze','1951-09-21','2020-11-24','Gothic',40.00);
INSERT INTO membership_cards VALUES('Tasnim Phelps','17 Marquess Drive','Bletchley','1962-01-31','2020-07-17','Gothic',62.50);
INSERT INTO membership_cards VALUES('Alayah Bradley','Mells Hill Farm','Mells','1991-04-23','2020-08-06','Renaissanse',43.89);
INSERT INTO membership_cards VALUES('Doris Osborne','1 Sand Road','Wedmore','1969-05-02','2022-01-24','Expressionism',71.83);
INSERT INTO membership_cards VALUES('Horace Winters','14 Ellington Close','Ouston','1965-08-21','2020-12-14','Classicism',83.13);
INSERT INTO membership_cards VALUES('Shanna Drew','20 Westfield','Bradninch','1980-02-21','2022-09-15','Futurism',54.03);
INSERT INTO membership_cards VALUES('Cecily Leach','35 Chillingham Close','Middlewich','1983-07-20','2021-02-25','Abstract Expressionism',52.36);
INSERT INTO membership_cards VALUES('Hettie Russo','2 Salter Close','St Martin','1943-11-11','2021-06-01','Ancient Greece',57.14);
INSERT INTO membership_cards VALUES('Lilly-Rose Cote','2 Henry Street','Tring','1974-05-15','2021-04-19','Ancient Egypt',21.93);
INSERT INTO membership_cards VALUES('Tierney Gordon',' 35 Park Street','Croydon','1967-07-06','2023-06-04','Rome',60.13);
INSERT INTO membership_cards VALUES('Wren Black','8 Ash Road','Hartley','2001-05-25','2021-10-22','Asian',61.88);
INSERT INTO membership_cards VALUES('Aleesha Patton','2 The Bourne','Albury','1973-11-18','2022-07-22','Gothic',94.43);
INSERT INTO membership_cards VALUES('Alba Cline','75 Knabbs Lane','Silkstone Common','1960-08-12','2025-05-20','Renaissanse',66.70);
INSERT INTO membership_cards VALUES('Jordyn Powell','1 Merefield','Sawbridgeworth','1987-11-11','2022-12-19','Expressionism',26.47);
INSERT INTO membership_cards VALUES('Jacques Higgins','Covean Little House','St Agnes','1992-09-30','2020-06-04','Classicism',96.47);
INSERT INTO membership_cards VALUES('Dionne Glass','150 Wells Road','Glastonbury','1942-03-24','2025-12-26','Futurism',26.31);
INSERT INTO membership_cards VALUES('Phebe Savage','113 Victoria Grove','East Cowes','1974-04-27','2021-10-04','Abstract Expressionism',28.41);
INSERT INTO membership_cards VALUES('Zander Weston','44 Great West Road','London','1997-07-04','2020-06-18','Ancient Greece',97.02);
INSERT INTO membership_cards VALUES('Wilson Blundell','60 Springfield Lane','Wolverhampton','1997-06-03','2023-01-17','Ancient Egypt',25.22);
INSERT INTO membership_cards VALUES('Abdullah Galloway','159 Grove Road','Chadwell Heath','1953-09-30','2022-07-15','Rome',66.50);
INSERT INTO membership_cards VALUES('Jana Curran','107A Weston Park','London','1974-12-14','2021-03-01','Asian',56.61);
INSERT INTO membership_cards VALUES('Billie Gross','1 Pauls Way','Jaywick','1970-01-12','2025-03-19','Gothic',26.52);
INSERT INTO membership_cards VALUES('Esha Wooten','21 Brookside Road','Combwich','1995-01-26','2023-08-01','Renaissanse',53.94);
INSERT INTO membership_cards VALUES('Etienne Rutledge','55 Sneck Gate Lane','Newby','1969-11-08','2021-11-05','Expressionism',83.04);
INSERT INTO membership_cards VALUES('Zaydan Greaves','10 Shakespeare Road','Worthing','1946-05-06','2024-03-04','Classicism',51.15);
INSERT INTO membership_cards VALUES('Sumaiya Wickens','3 Colne Road','Tonbridge','1950-04-29','2020-11-09','Futurism',90.57);
INSERT INTO membership_cards VALUES('Matthias Alfaro','14 Lordship Lane','London','1951-09-09','2025-12-04','Abstract Expressionism',58.31);
INSERT INTO membership_cards VALUES('Russell Estrada','160 Runnymede','London','1945-08-06','2020-02-07','Ancient Greece',69.96);
INSERT INTO membership_cards VALUES('Vivaan May','5 Grants Hill','Bradford Abbas','1999-11-09','2023-11-19','Ancient Egypt',50.53);
INSERT INTO membership_cards VALUES('Dana Bernard','100 Cotswold Way','Worcester Park','1978-11-30','2024-03-29','Rome',61.55);
INSERT INTO membership_cards VALUES('Elodie Deacon','42 Castle Road','Redcar','1976-04-27','2023-02-16','Asian',58.31);
INSERT INTO membership_cards VALUES('Ava-May Paul','351 Western Avenue','Cardiff','1978-05-11','2021-10-19','Gothic',70.78);
INSERT INTO membership_cards VALUES('Ellie-Rose Mills','193 Roman Bank','Skegness','1999-12-14','2023-02-16','Renaissanse',89.59);
INSERT INTO membership_cards VALUES('Nazia Gibbs','6 Station Road','Sawbridgeworth','1999-09-07','2022-01-21','Expressionism',31.91);
INSERT INTO membership_cards VALUES('Hira Stuart','8 Mansfield Close','Poole','1991-01-11','2022-12-03','Classicism',57.15);
INSERT INTO membership_cards VALUES('Abdul Chapman','55 Snipefield Lane','Shere','1962-04-02','2025-01-03','Futurism',63.03);
INSERT INTO membership_cards VALUES('Ivie Bryant','266 Woodstock Road','Oxford','1985-09-24','2021-02-11','Abstract Expressionism',58.51);
INSERT INTO membership_cards VALUES('Krish Daniels','6 Church Road','Windlesham','1946-04-26','2022-11-05','Ancient Greece',57.41);
INSERT INTO membership_cards VALUES('Nola Greenwood','1 Kent Hatch Road','Oxted','1944-03-06','2022-09-24','Ancient Greece',70.00);
INSERT INTO membership_cards VALUES('Duke Nguyen','32 Station Road','Rowlands Gill','1960-02-16','2020-01-28','Rome',65.32);
INSERT INTO membership_cards VALUES('Rukhsar Howard','5 Larchwood Close','Lingwood','1976-09-14','2023-01-10','Asian',79.79);
INSERT INTO membership_cards VALUES('Kajus Whitworth','18 Dykebeck','Wymondham','1956-10-28','2021-01-19','Gothic',70.82);
INSERT INTO membership_cards VALUES('Keenan Salter','52 Catherall Road','London','2003-06-18','2025-03-28','Renaissanse',76.10);
INSERT INTO membership_cards VALUES('Jaimee Goodman','15 Merton Way','West Molesey','1951-02-20','2021-07-03','Expressionism',47.15);
INSERT INTO membership_cards VALUES('Brax Guerra','3 Hillside','Aberdovey','1944-10-16','2024-01-22','Classicism',49.08);
INSERT INTO membership_cards VALUES('Andre Manning','153 Breckfield Road North','Liverpool','1993-08-11','2022-04-17','Futurism',38.35);
INSERT INTO membership_cards VALUES('Hajrah Oconnell','191 Casterton Road','Stamford','2005-05-01','2023-06-02','Abstract Expressionism',45.27);
INSERT INTO membership_cards VALUES('Craig Dodd','612 Chorley Road','Westhoughton','1978-10-24','2022-07-28','Ancient Greece',38.45);
INSERT INTO membership_cards VALUES('Abubakar Knight','1317 Ashton Old Road','Manchester','1982-10-07','2024-02-22','Ancient Egypt',68.21);
INSERT INTO membership_cards VALUES('Rajan Mckeown','190 Sutton Passeys Crescent','Nottingham','1966-05-22','2025-09-19','Rome',91.36);
INSERT INTO membership_cards VALUES('Gerrard Crawford','Wilkin Cottage','Eardisley','1968-01-31','2021-05-07','Asian',68.38);
INSERT INTO membership_cards VALUES('Waseem Strickland','8 Countess Terrace','Whitehaven','1986-03-21','2022-06-14','Gothic',60.87);
INSERT INTO membership_cards VALUES('Salahuddin Macgregor','220 Wells Road','Bristol','1986-11-21','2022-05-11','Renaissanse',96.83);
INSERT INTO membership_cards VALUES('Vishal Hooper','33A Hoads Wood Gardens','Ashford','2002-10-10','2022-01-16','Expressionism',75.66);
INSERT INTO membership_cards VALUES('Wil Rooney','3 Priory Road','Cambridge','2003-10-24','2024-01-20','Classicism',53.48);
INSERT INTO membership_cards VALUES('Missy Mccarthy','13 Trellyn','Shocklach','1964-07-30','2023-02-22','Futurism',95.02);
INSERT INTO membership_cards VALUES('Janelle Rasmussen','13 Larkfield Close','Caerleon','1952-03-03','2024-12-26','Abstract Expressionism',98.35);
INSERT INTO membership_cards VALUES('Arbaaz Herring','20 Larham Way','Chatteris','1992-04-21','2020-05-14','Ancient Greece',21.99);
INSERT INTO membership_cards VALUES('Aqib Mosley','9 Toll Bar Road','Werrington','1975-12-04','2021-12-25','Ancient Egypt',15.67);
INSERT INTO membership_cards VALUES('Gurveer Cole','9 Widnes Road','Cuerdley','1950-02-17','2023-10-21','Rome',92.24);
INSERT INTO membership_cards VALUES('Alec Pemberton','3 Deer Wood View','Bishops Tawton','1949-05-16','2021-05-18','Asian',69.91);
INSERT INTO membership_cards VALUES('Ayyub Rowe','2 Lewisham Street','London','2003-02-07','2020-12-24','Gothic',58.40);
INSERT INTO membership_cards VALUES('Aisha Bennett','2 Rabbits Road','South Darenth','1945-03-13','2020-11-03','Renaissanse',65.81);
INSERT INTO membership_cards VALUES('Ella-May Whitmore','2 Old Common Road','Cobham','1948-11-13','2021-12-30','Expressionism',50.89);
INSERT INTO membership_cards VALUES('Rhonda Buxton','2 The Avenue','West Moors','1955-10-26','2023-04-10','Classicism',37.51);
INSERT INTO membership_cards VALUES('Sebastian Mansell','30 Canterbury Road','Beaufort','1952-05-01','2022-07-06','Futurism',92.08);
INSERT INTO membership_cards VALUES('May Wheeler','22 Bratton Road','Bratton','1980-08-26','2022-02-08','Abstract Expressionism',85.60);
INSERT INTO membership_cards VALUES('Matas Copeland','280 Ramsay Road','London','1963-08-13','2021-12-08','Ancient Greece',57.13);
INSERT INTO membership_cards VALUES('Emelia Acosta','25A Benbow Road','London','1950-06-14','2020-12-18','Ancient Egypt',50.10);
INSERT INTO membership_cards VALUES('Tylor Stott','166 Penshurst Road','Speldhurst','1944-10-08','2024-12-02','Rome',73.29);
INSERT INTO membership_cards VALUES('Hajrah Oconnell','81A Farleys Lane','Hucknall','2003-04-15','2020-12-11','Asian',58.35);
INSERT INTO membership_cards VALUES('Craig Dodd','5 Dairy Close','Pinchbeck','1984-09-09','2021-09-06','Gothic',68.00);
